Matchday,Date,Time,Home Team,Away Team
1,21/08/2026,20:00,Arsenal,Coventry City
1,22/08/2026,12:30,Hull City,Manchester United
1,22/08/2026,15:00,Everton,Crystal Palace
1,22/08/2026,15:00,Ipswich Town,Sunderland
1,22/08/2026,15:00,Nottingham Forest,Leeds United
1,22/08/2026,17:30,Brentford,Tottenham Hotspur
1,23/08/2026,14:00,Brighton and Hove Albion,Aston Villa
1,23/08/2026,14:00,Manchester City,Bournemouth
1,23/08/2026,16:30,Newcastle United,Liverpool
1,24/08/2026,20:00,Fulham,Chelsea
2,29/08/2026,15:00,Bournemouth,Everton
2,29/08/2026,15:00,Aston Villa,Arsenal
2,29/08/2026,15:00,Chelsea,Brighton and Hove Albion
2,29/08/2026,15:00,Coventry City,Hull City
2,29/08/2026,15:00,Crystal Palace,Manchester City
2,29/08/2026,15:00,Leeds United,Brentford
2,29/08/2026,15:00,Liverpool,Nottingham Forest
2,29/08/2026,15:00,Manchester United,Ipswich Town
2,29/08/2026,15:00,Sunderland,Fulham
2,29/08/2026,15:00,Tottenham Hotspur,Newcastle United
3,05/09/2026,15:00,Arsenal,Chelsea
3,05/09/2026,15:00,Brentford,Sunderland
3,05/09/2026,15:00,Brighton and Hove Albion,Leeds United
3,05/09/2026,15:00,Everton,Manchester United
3,05/09/2026,15:00,Fulham,Crystal Palace
3,05/09/2026,15:00,Hull City,Aston Villa
3,05/09/2026,15:00,Ipswich Town,Liverpool
3,05/09/2026,15:00,Manchester City,Coventry City
3,05/09/2026,15:00,Newcastle United,Bournemouth
3,05/09/2026,15:00,Nottingham Forest,Tottenham Hotspur
4,12/09/2026,15:00,Bournemouth,Brentford
4,12/09/2026,15:00,Aston Villa,Nottingham Forest
4,12/09/2026,15:00,Chelsea,Hull City
4,12/09/2026,15:00,Coventry City,Brighton and Hove Albion
4,12/09/2026,15:00,Crystal Palace,Ipswich Town
4,12/09/2026,15:00,Leeds United,Newcastle United
4,12/09/2026,15:00,Liverpool,Fulham
4,12/09/2026,15:00,Manchester United,Manchester City
4,12/09/2026,15:00,Sunderland,Arsenal
4,12/09/2026,15:00,Tottenham Hotspur,Everton
5,19/09/2026,15:00,Bournemouth,Liverpool
5,19/09/2026,15:00,Brentford,Chelsea
5,19/09/2026,15:00,Brighton and Hove Albion,Arsenal
5,19/09/2026,15:00,Everton,Ipswich Town
5,19/09/2026,15:00,Fulham,Manchester United
5,19/09/2026,15:00,Leeds United,Crystal Palace
5,19/09/2026,15:00,Manchester City,Sunderland
5,19/09/2026,15:00,Newcastle United,Hull City
5,19/09/2026,15:00,Nottingham Forest,Coventry City
5,19/09/2026,15:00,Tottenham Hotspur,Aston Villa
6,10/10/2026,15:00,Arsenal,Leeds United
6,10/10/2026,15:00,Aston Villa,Brentford
6,10/10/2026,15:00,Chelsea,Bournemouth
6,10/10/2026,15:00,Coventry City,Newcastle United
6,10/10/2026,15:00,Crystal Palace,Nottingham Forest
6,10/10/2026,15:00,Hull City,Everton
6,10/10/2026,15:00,Ipswich Town,Fulham
6,10/10/2026,15:00,Liverpool,Manchester City
6,10/10/2026,15:00,Manchester United,Tottenham Hotspur
6,10/10/2026,15:00,Sunderland,Brighton and Hove Albion
7,17/10/2026,15:00,Bournemouth,Sunderland
7,17/10/2026,15:00,Brentford,Liverpool
7,17/10/2026,15:00,Brighton and Hove Albion,Crystal Palace
7,17/10/2026,15:00,Everton,Chelsea
7,17/10/2026,15:00,Fulham,Hull City
7,17/10/2026,15:00,Leeds United,Manchester United
7,17/10/2026,15:00,Manchester City,Ipswich Town
7,17/10/2026,15:00,Newcastle United,Aston Villa
7,17/10/2026,15:00,Nottingham Forest,Arsenal
7,17/10/2026,15:00,Tottenham Hotspur,Coventry City
8,24/10/2026,15:00,Arsenal,Everton
8,24/10/2026,15:00,Aston Villa,Manchester City
8,24/10/2026,15:00,Chelsea,Tottenham Hotspur
8,24/10/2026,15:00,Coventry City,Fulham
8,24/10/2026,15:00,Crystal Palace,Newcastle United
8,24/10/2026,15:00,Hull City,Brentford
8,24/10/2026,15:00,Ipswich Town,Nottingham Forest
8,24/10/2026,15:00,Liverpool,Brighton and Hove Albion
8,24/10/2026,15:00,Manchester United,Bournemouth
8,24/10/2026,15:00,Sunderland,Leeds United
9,31/10/2026,15:00,Bournemouth,Leeds United
9,31/10/2026,15:00,Aston Villa,Fulham
9,31/10/2026,15:00,Brentford,Nottingham Forest
9,31/10/2026,15:00,Chelsea,Manchester United
9,31/10/2026,15:00,Coventry City,Sunderland
9,31/10/2026,15:00,Hull City,Ipswich Town
9,31/10/2026,15:00,Liverpool,Arsenal
9,31/10/2026,15:00,Manchester City,Brighton and Hove Albion
9,31/10/2026,15:00,Newcastle United,Everton
9,31/10/2026,15:00,Tottenham Hotspur,Crystal Palace
10,07/11/2026,15:00,Arsenal,Hull City
10,07/11/2026,15:00,Brighton and Hove Albion,Brentford
10,07/11/2026,15:00,Crystal Palace,Liverpool
10,07/11/2026,15:00,Everton,Coventry City
10,07/11/2026,15:00,Fulham,Newcastle United
10,07/11/2026,15:00,Ipswich Town,Bournemouth
10,07/11/2026,15:00,Leeds United,Tottenham Hotspur
10,07/11/2026,15:00,Manchester United,Aston Villa
10,07/11/2026,15:00,Nottingham Forest,Manchester City
10,07/11/2026,15:00,Sunderland,Chelsea
11,21/11/2026,15:00,Bournemouth,Nottingham Forest
11,21/11/2026,15:00,Aston Villa,Sunderland
11,21/11/2026,15:00,Brentford,Everton
11,21/11/2026,15:00,Chelsea,Leeds United
11,21/11/2026,15:00,Coventry City,Crystal Palace
11,21/11/2026,15:00,Hull City,Brighton and Hove Albion
11,21/11/2026,15:00,Liverpool,Manchester United
11,21/11/2026,15:00,Manchester City,Fulham
11,21/11/2026,15:00,Newcastle United,Arsenal
11,21/11/2026,15:00,Tottenham Hotspur,Ipswich Town
12,28/11/2026,15:00,Arsenal,Manchester City
12,28/11/2026,15:00,Brighton and Hove Albion,Newcastle United
12,28/11/2026,15:00,Crystal Palace,Hull City
12,28/11/2026,15:00,Everton,Liverpool
12,28/11/2026,15:00,Fulham,Bournemouth
12,28/11/2026,15:00,Ipswich Town,Aston Villa
12,28/11/2026,15:00,Leeds United,Coventry City
12,28/11/2026,15:00,Manchester United,Brentford
12,28/11/2026,15:00,Nottingham Forest,Chelsea
12,28/11/2026,15:00,Sunderland,Tottenham Hotspur
13,02/12/2026,20:00,Bournemouth,Brighton and Hove Albion
13,02/12/2026,20:00,Aston Villa,Everton
13,02/12/2026,20:00,Brentford,Arsenal
13,02/12/2026,20:00,Chelsea,Crystal Palace
13,02/12/2026,20:00,Coventry City,Ipswich Town
13,02/12/2026,20:00,Hull City,Nottingham Forest
13,02/12/2026,20:00,Liverpool,Sunderland
13,02/12/2026,20:00,Manchester City,Leeds United
13,02/12/2026,20:00,Newcastle United,Manchester United
13,02/12/2026,20:00,Tottenham Hotspur,Fulham
14,05/12/2026,15:00,Bournemouth,Hull City
14,05/12/2026,15:00,Aston Villa,Crystal Palace
14,05/12/2026,15:00,Brentford,Manchester City
14,05/12/2026,15:00,Chelsea,Liverpool
14,05/12/2026,15:00,Everton,Fulham
14,05/12/2026,15:00,Leeds United,Ipswich Town
14,05/12/2026,15:00,Manchester United,Coventry City
14,05/12/2026,15:00,Newcastle United,Sunderland
14,05/12/2026,15:00,Nottingham Forest,Brighton and Hove Albion
14,05/12/2026,15:00,Tottenham Hotspur,Arsenal
15,12/12/2026,15:00,Arsenal,Bournemouth
15,12/12/2026,15:00,Brighton and Hove Albion,Everton
15,12/12/2026,15:00,Coventry City,Aston Villa
15,12/12/2026,15:00,Crystal Palace,Manchester United
15,12/12/2026,15:00,Fulham,Brentford
15,12/12/2026,15:00,Hull City,Tottenham Hotspur
15,12/12/2026,15:00,Ipswich Town,Newcastle United
15,12/12/2026,15:00,Liverpool,Leeds United
15,12/12/2026,15:00,Manchester City,Chelsea
15,12/12/2026,15:00,Sunderland,Nottingham Forest
16,19/12/2026,15:00,Bournemouth,Coventry City
16,19/12/2026,15:00,Arsenal,Manchester United
16,19/12/2026,15:00,Brentford,Newcastle United
16,19/12/2026,15:00,Brighton and Hove Albion,Ipswich Town
16,19/12/2026,15:00,Chelsea,Aston Villa
16,19/12/2026,15:00,Leeds United,Fulham
16,19/12/2026,15:00,Liverpool,Tottenham Hotspur
16,19/12/2026,15:00,Manchester City,Hull City
16,19/12/2026,15:00,Nottingham Forest,Everton
16,19/12/2026,15:00,Sunderland,Crystal Palace
17,26/12/2026,15:00,Aston Villa,Leeds United
17,26/12/2026,15:00,Coventry City,Chelsea
17,26/12/2026,15:00,Crystal Palace,Arsenal
17,26/12/2026,15:00,Everton,Sunderland
17,26/12/2026,15:00,Fulham,Brighton and Hove Albion
17,26/12/2026,15:00,Hull City,Liverpool
17,26/12/2026,15:00,Ipswich Town,Brentford
17,26/12/2026,15:00,Manchester United,Nottingham Forest
17,26/12/2026,15:00,Newcastle United,Manchester City
17,26/12/2026,15:00,Tottenham Hotspur,Bournemouth
18,30/12/2026,20:00,Aston Villa,Liverpool
18,30/12/2026,20:00,Coventry City,Brentford
18,30/12/2026,20:00,Crystal Palace,Bournemouth
18,30/12/2026,20:00,Everton,Manchester City
18,30/12/2026,20:00,Fulham,Arsenal
18,30/12/2026,20:00,Hull City,Leeds United
18,30/12/2026,20:00,Ipswich Town,Chelsea
18,30/12/2026,20:00,Manchester United,Sunderland
18,30/12/2026,20:00,Newcastle United,Nottingham Forest
18,30/12/2026,20:00,Tottenham Hotspur,Brighton and Hove Albion
19,02/01/2027,15:00,Bournemouth,Aston Villa
19,02/01/2027,15:00,Arsenal,Ipswich Town
19,02/01/2027,15:00,Brentford,Crystal Palace
19,02/01/2027,15:00,Brighton and Hove Albion,Manchester United
19,02/01/2027,15:00,Chelsea,Newcastle United
19,02/01/2027,15:00,Leeds United,Everton
19,02/01/2027,15:00,Liverpool,Coventry City
19,02/01/2027,15:00,Manchester City,Tottenham Hotspur
19,02/01/2027,15:00,Nottingham Forest,Fulham
19,02/01/2027,15:00,Sunderland,Hull City
20,06/01/2027,20:00,Arsenal,Brentford
20,06/01/2027,20:00,Brighton and Hove Albion,Bournemouth
20,06/01/2027,20:00,Crystal Palace,Chelsea
20,06/01/2027,20:00,Everton,Aston Villa
20,06/01/2027,20:00,Fulham,Tottenham Hotspur
20,06/01/2027,20:00,Ipswich Town,Coventry City
20,06/01/2027,20:00,Leeds United,Manchester City
20,06/01/2027,20:00,Manchester United,Newcastle United
20,06/01/2027,20:00,Nottingham Forest,Hull City
20,06/01/2027,20:00,Sunderland,Liverpool
21,16/01/2027,15:00,Bournemouth,Ipswich Town
21,16/01/2027,15:00,Aston Villa,Manchester United
21,16/01/2027,15:00,Brentford,Brighton and Hove Albion
21,16/01/2027,15:00,Chelsea,Sunderland
21,16/01/2027,15:00,Coventry City,Everton
21,16/01/2027,15:00,Hull City,Arsenal
21,16/01/2027,15:00,Liverpool,Crystal Palace
21,16/01/2027,15:00,Manchester City,Nottingham Forest
21,16/01/2027,15:00,Newcastle United,Fulham
21,16/01/2027,15:00,Tottenham Hotspur,Leeds United
22,23/01/2027,15:00,Arsenal,Newcastle United
22,23/01/2027,15:00,Brighton and Hove Albion,Manchester City
22,23/01/2027,15:00,Crystal Palace,Tottenham Hotspur
22,23/01/2027,15:00,Everton,Brentford
22,23/01/2027,15:00,Fulham,Aston Villa
22,23/01/2027,15:00,Ipswich Town,Hull City
22,23/01/2027,15:00,Leeds United,Chelsea
22,23/01/2027,15:00,Manchester United,Liverpool
22,23/01/2027,15:00,Nottingham Forest,Bournemouth
22,23/01/2027,15:00,Sunderland,Coventry City
23,30/01/2027,15:00,Bournemouth,Fulham
23,30/01/2027,15:00,Aston Villa,Ipswich Town
23,30/01/2027,15:00,Brentford,Manchester United
23,30/01/2027,15:00,Chelsea,Nottingham Forest
23,30/01/2027,15:00,Coventry City,Leeds United
23,30/01/2027,15:00,Hull City,Crystal Palace
23,30/01/2027,15:00,Liverpool,Everton
23,30/01/2027,15:00,Manchester City,Arsenal
23,30/01/2027,15:00,Newcastle United,Brighton and Hove Albion
23,30/01/2027,15:00,Tottenham Hotspur,Sunderland
24,06/02/2027,15:00,Arsenal,Liverpool
24,06/02/2027,15:00,Brighton and Hove Albion,Hull City
24,06/02/2027,15:00,Crystal Palace,Coventry City
24,06/02/2027,15:00,Everton,Newcastle United
24,06/02/2027,15:00,Fulham,Manchester City
24,06/02/2027,15:00,Ipswich Town,Tottenham Hotspur
24,06/02/2027,15:00,Leeds United,Bournemouth
24,06/02/2027,15:00,Manchester United,Chelsea
24,06/02/2027,15:00,Nottingham Forest,Brentford
24,06/02/2027,15:00,Sunderland,Aston Villa
25,10/02/2027,20:00,Aston Villa,Bournemouth
25,10/02/2027,20:00,Coventry City,Liverpool
25,10/02/2027,20:00,Crystal Palace,Brentford
25,10/02/2027,20:00,Everton,Leeds United
25,10/02/2027,20:00,Fulham,Nottingham Forest
25,10/02/2027,20:00,Hull City,Sunderland
25,10/02/2027,20:00,Ipswich Town,Arsenal
25,10/02/2027,20:00,Manchester United,Brighton and Hove Albion
25,10/02/2027,20:00,Newcastle United,Chelsea
25,10/02/2027,20:00,Tottenham Hotspur,Manchester City
26,20/02/2027,15:00,Bournemouth,Crystal Palace
26,20/02/2027,15:00,Arsenal,Fulham
26,20/02/2027,15:00,Brentford,Coventry City
26,20/02/2027,15:00,Brighton and Hove Albion,Tottenham Hotspur
26,20/02/2027,15:00,Chelsea,Ipswich Town
26,20/02/2027,15:00,Leeds United,Aston Villa
26,20/02/2027,15:00,Liverpool,Hull City
26,20/02/2027,15:00,Manchester City,Newcastle United
26,20/02/2027,15:00,Nottingham Forest,Manchester United
26,20/02/2027,15:00,Sunderland,Everton
27,27/02/2027,15:00,Aston Villa,Chelsea
27,27/02/2027,15:00,Coventry City,Bournemouth
27,27/02/2027,15:00,Crystal Palace,Sunderland
27,27/02/2027,15:00,Everton,Nottingham Forest
27,27/02/2027,15:00,Fulham,Leeds United
27,27/02/2027,15:00,Hull City,Manchester City
27,27/02/2027,15:00,Ipswich Town,Brighton and Hove Albion
27,27/02/2027,15:00,Manchester United,Arsenal
27,27/02/2027,15:00,Newcastle United,Brentford
27,27/02/2027,15:00,Tottenham Hotspur,Liverpool
28,03/03/2027,20:00,Bournemouth,Tottenham Hotspur
28,03/03/2027,20:00,Arsenal,Crystal Palace
28,03/03/2027,20:00,Brentford,Ipswich Town
28,03/03/2027,20:00,Brighton and Hove Albion,Fulham
28,03/03/2027,20:00,Chelsea,Coventry City
28,03/03/2027,20:00,Leeds United,Hull City
28,03/03/2027,20:00,Liverpool,Aston Villa
28,03/03/2027,20:00,Manchester City,Everton
28,03/03/2027,20:00,Nottingham Forest,Newcastle United
28,03/03/2027,20:00,Sunderland,Manchester United
29,13/03/2027,15:00,Bournemouth,Newcastle United
29,13/03/2027,15:00,Aston Villa,Hull City
29,13/03/2027,15:00,Chelsea,Arsenal
29,13/03/2027,15:00,Coventry City,Manchester City
29,13/03/2027,15:00,Crystal Palace,Fulham
29,13/03/2027,15:00,Leeds United,Brighton and Hove Albion
29,13/03/2027,15:00,Liverpool,Ipswich Town
29,13/03/2027,15:00,Manchester United,Everton
29,13/03/2027,15:00,Sunderland,Brentford
29,13/03/2027,15:00,Tottenham Hotspur,Nottingham Forest
30,20/03/2027,15:00,Arsenal,Sunderland
30,20/03/2027,15:00,Brentford,Bournemouth
30,20/03/2027,15:00,Brighton and Hove Albion,Coventry City
30,20/03/2027,15:00,Everton,Tottenham Hotspur
30,20/03/2027,15:00,Fulham,Liverpool
30,20/03/2027,15:00,Hull City,Chelsea
30,20/03/2027,15:00,Ipswich Town,Crystal Palace
30,20/03/2027,15:00,Manchester City,Manchester United
30,20/03/2027,15:00,Newcastle United,Leeds United
30,20/03/2027,15:00,Nottingham Forest,Aston Villa
31,10/04/2027,15:00,Bournemouth,Manchester City
31,10/04/2027,15:00,Aston Villa,Brighton and Hove Albion
31,10/04/2027,15:00,Chelsea,Fulham
31,10/04/2027,15:00,Coventry City,Arsenal
31,10/04/2027,15:00,Crystal Palace,Everton
31,10/04/2027,15:00,Leeds United,Nottingham Forest
31,10/04/2027,15:00,Liverpool,Newcastle United
31,10/04/2027,15:00,Manchester United,Hull City
31,10/04/2027,15:00,Sunderland,Ipswich Town
31,10/04/2027,15:00,Tottenham Hotspur,Brentford
32,17/04/2027,15:00,Arsenal,Aston Villa
32,17/04/2027,15:00,Brentford,Leeds United
32,17/04/2027,15:00,Brighton and Hove Albion,Chelsea
32,17/04/2027,15:00,Everton,Bournemouth
32,17/04/2027,15:00,Fulham,Sunderland
32,17/04/2027,15:00,Hull City,Coventry City
32,17/04/2027,15:00,Ipswich Town,Manchester United
32,17/04/2027,15:00,Manchester City,Crystal Palace
32,17/04/2027,15:00,Newcastle United,Tottenham Hotspur
32,17/04/2027,15:00,Nottingham Forest,Liverpool
33,24/04/2027,15:00,Bournemouth,Arsenal
33,24/04/2027,15:00,Aston Villa,Coventry City
33,24/04/2027,15:00,Brentford,Fulham
33,24/04/2027,15:00,Chelsea,Manchester City
33,24/04/2027,15:00,Everton,Brighton and Hove Albion
33,24/04/2027,15:00,Leeds United,Liverpool
33,24/04/2027,15:00,Manchester United,Crystal Palace
33,24/04/2027,15:00,Newcastle United,Ipswich Town
33,24/04/2027,15:00,Nottingham Forest,Sunderland
33,24/04/2027,15:00,Tottenham Hotspur,Hull City
34,01/05/2027,15:00,Arsenal,Tottenham Hotspur
34,01/05/2027,15:00,Brighton and Hove Albion,Nottingham Forest
34,01/05/2027,15:00,Coventry City,Manchester United
34,01/05/2027,15:00,Crystal Palace,Aston Villa
34,01/05/2027,15:00,Fulham,Everton
34,01/05/2027,15:00,Hull City,Bournemouth
34,01/05/2027,15:00,Ipswich Town,Leeds United
34,01/05/2027,15:00,Liverpool,Chelsea
34,01/05/2027,15:00,Manchester City,Brentford
34,01/05/2027,15:00,Sunderland,Newcastle United
35,08/05/2027,15:00,Bournemouth,Manchester United
35,08/05/2027,15:00,Brentford,Aston Villa
35,08/05/2027,15:00,Brighton and Hove Albion,Sunderland
35,08/05/2027,15:00,Everton,Hull City
35,08/05/2027,15:00,Fulham,Ipswich Town
35,08/05/2027,15:00,Leeds United,Arsenal
35,08/05/2027,15:00,Manchester City,Liverpool
35,08/05/2027,15:00,Newcastle United,Coventry City
35,08/05/2027,15:00,Nottingham Forest,Crystal Palace
35,08/05/2027,15:00,Tottenham Hotspur,Chelsea
36,15/05/2027,15:00,Arsenal,Nottingham Forest
36,15/05/2027,15:00,Aston Villa,Newcastle United
36,15/05/2027,15:00,Chelsea,Everton
36,15/05/2027,15:00,Coventry City,Tottenham Hotspur
36,15/05/2027,15:00,Crystal Palace,Brighton and Hove Albion
36,15/05/2027,15:00,Hull City,Fulham
36,15/05/2027,15:00,Ipswich Town,Manchester City
36,15/05/2027,15:00,Liverpool,Brentford
36,15/05/2027,15:00,Manchester United,Leeds United
36,15/05/2027,15:00,Sunderland,Bournemouth
37,23/05/2027,15:00,Bournemouth,Chelsea
37,23/05/2027,15:00,Brentford,Hull City
37,23/05/2027,15:00,Brighton and Hove Albion,Liverpool
37,23/05/2027,15:00,Everton,Arsenal
37,23/05/2027,15:00,Fulham,Coventry City
37,23/05/2027,15:00,Leeds United,Sunderland
37,23/05/2027,15:00,Manchester City,Aston Villa
37,23/05/2027,15:00,Newcastle United,Crystal Palace
37,23/05/2027,15:00,Nottingham Forest,Ipswich Town
37,23/05/2027,15:00,Tottenham Hotspur,Manchester United
38,30/05/2027,15:00,Arsenal,Brighton and Hove Albion
38,30/05/2027,15:00,Aston Villa,Tottenham Hotspur
38,30/05/2027,15:00,Chelsea,Brentford
38,30/05/2027,15:00,Coventry City,Nottingham Forest
38,30/05/2027,15:00,Crystal Palace,Leeds United
38,30/05/2027,15:00,Hull City,Newcastle United
38,30/05/2027,15:00,Ipswich Town,Everton
38,30/05/2027,15:00,Liverpool,Bournemouth
38,30/05/2027,15:00,Manchester United,Fulham
38,30/05/2027,15:00,Sunderland,Manchester City
