player_name,position,promoted_season,promotion_type,age_at_promotion,championship_team,epl_team,champ_goals_per90,champ_assists_per90,champ_xg_per90,champ_xa_per90,champ_shots_per90,champ_key_passes_per90,champ_tackles_per90,champ_interceptions_per90,champ_dribbles_per90,champ_pass_completion_pct,champ_aerials_won_per90,champ_progressive_carries_per90,champ_sca_per90,champ_gca_per90,champ_minutes_total,champ_starts,champ_matches,epl_goals_per90,epl_assists_per90,epl_minutes_total,epl_starts,epl_gameweeks_played,epl_avg_fpl_points,epl_total_fpl_points,archetype,tags,cluster_id
Ezgjan Alioski,DEF,19-20,unknown,27,Leeds,Leeds,0.007957559681697613,0.004774535809018567,0.0,0.0,0.09350132625994695,0.0,0.0,1.153846153846154,0.0,0.0,0.0,0.0,0.0,0.0,2262,21,39,0.0732899022801303,0.10993485342019545,2456,24,38,2.8947368421052633,110,clinical_finisher,['clinical_finisher'],0
Luke Ayling,DEF,19-20,unknown,27,Leeds,Leeds,0.0031171284634760703,0.0031171284634760703,0.0,0.0,0.02720403022670025,0.0,0.0,1.6719143576826194,0.0,0.0,0.0,0.0,0.0,0.0,3176,35,37,0.0,0.0,3399,38,38,2.6315789473684212,100,clinical_finisher,['clinical_finisher'],0
Patrick Bamford,FWD,19-20,unknown,25,Leeds,Leeds,0.010972423802612482,0.0013062409288824384,0.0,0.0,0.09613933236574747,0.0,0.0,0.0783744557329463,0.0,0.0,0.0,0.0,0.0,0.0,3445,43,45,0.5013106159895151,0.32437745740498036,3052,32,38,5.105263157894737,194,defensive_anchor,['defensive_anchor'],3
Liam Cooper,DEF,19-20,unknown,27,Leeds,Leeds,0.001728,0.0,0.0,0.0,0.018144,0.0,0.0,2.1888,0.0,0.0,0.0,0.0,0.0,0.0,3125,36,38,0.04117108874656908,0.0,2186,24,38,1.5526315789473684,59,clinical_finisher,['clinical_finisher'],0
Hélder Costa,MID,19-20,unknown,25,Leeds,Leeds,0.003656059580230196,0.004570074475287745,0.0,0.0,0.05941096817874069,0.0,0.0,0.45700744752877454,0.0,0.0,0.0,0.0,0.0,0.0,2954,33,43,0.23478260869565215,0.31304347826086953,1150,11,38,1.6578947368421053,63,target_man,['target_man'],5
Stuart Dallas,DEF,19-20,unknown,28,Leeds,Leeds,0.002519083969465649,0.001603053435114504,0.0,0.0,0.04030534351145038,0.0,0.0,0.984732824427481,0.0,0.0,0.0,0.0,0.0,0.0,3930,45,45,0.21114369501466276,0.07917888563049855,3410,38,38,4.5,171,target_man,['target_man'],5
Jack Harrison,MID,19-20,unknown,22,Leeds,Leeds,0.0033210332103321034,0.004507116499736426,0.0,0.0,0.04388508170795993,0.0,0.0,0.49815498154981547,0.0,0.0,0.0,0.0,0.0,0.0,3794,45,46,0.25298664792691494,0.3162333099086437,2846,30,38,4.2105263157894735,160,target_man,['target_man'],5
Mateusz Klich,MID,19-20,unknown,29,Leeds,Leeds,0.0033175355450236967,0.002843601895734597,0.0,0.0,0.042654028436018954,0.0,0.0,0.4739336492890995,0.0,0.0,0.0,0.0,0.0,0.0,3798,45,45,0.15088013411567475,0.18860016764459345,2386,24,38,2.6052631578947367,99,target_man,['target_man'],5
Kalvin Phillips,MID,19-20,unknown,23,Leeds,Leeds,0.0016615384615384613,0.0016615384615384613,0.0,0.0,0.01606153846153846,0.0,0.0,1.3292307692307692,0.0,0.0,0.0,0.0,0.0,0.0,3250,37,37,0.03706754530477759,0.07413509060955518,2428,26,38,1.763157894736842,67,clinical_finisher,['clinical_finisher'],0
Tyler Roberts,MID,19-20,unknown,20,Leeds,Leeds,0.02724770642201835,0.0066055045871559635,0.0,0.0,0.23862385321100918,0.0,0.0,0.4954128440366973,0.0,0.0,0.0,0.0,0.0,0.0,1090,12,23,0.06766917293233082,0.13533834586466165,1330,10,38,1.2894736842105263,49,ball_carrying_threat,['ball_carrying_threat'],4
Jamie Shackleton,MID,19-20,unknown,19,Leeds,Leeds,0.07230443974630021,0.0,0.0,0.0,0.28731501057082454,0.0,0.0,0.19027484143763213,0.0,0.0,0.0,0.0,0.0,0.0,473,5,22,0.0,0.0,454,3,38,0.4473684210526316,17,ball_carrying_threat,['ball_carrying_threat'],4
Illan Meslier,GK,19-20,unknown,19,Leeds,Leeds,0.0,0.0,0.0,0.0,0.0,0.0,0.0,0.2,0.0,0.0,0.0,0.0,0.0,0.0,900,10,10,0.0,0.0,3150,35,38,4.052631578947368,154,creative_playmaker,['creative_playmaker'],1
Semi Ajayi,DEF,19-20,unknown,25,West Brom,West Brom,0.0028548770816812052,0.0,0.0,0.0,0.014274385408406027,0.0,0.0,0.9278350515463918,0.0,0.0,0.0,0.0,0.0,0.0,3783,42,43,0.06477150053976251,0.032385750269881254,2779,30,38,1.3421052631578947,51,target_man,['target_man'],5
Kyle Bartley,DEF,19-20,unknown,28,West Brom,West Brom,0.0016539050535987747,0.0016539050535987747,0.0,0.0,0.01433384379785605,0.0,0.0,1.1852986217457886,0.0,0.0,0.0,0.0,0.0,0.0,3265,37,38,0.10452961672473868,0.03484320557491289,2583,28,38,2.0789473684210527,79,clinical_finisher,['clinical_finisher'],0
Grady Diangana,MID,19-20,unknown,21,West Brom,West Brom,0.01894225580140313,0.014085267134376685,0.0,0.0,0.11073934160820291,0.0,0.0,0.33998920669185106,0.0,0.0,0.0,0.0,0.0,0.0,1853,23,30,0.07317073170731708,0.0,1230,13,38,1.0263157894736843,39,defensive_anchor,['defensive_anchor'],3
Darnell Furlong,DEF,19-20,unknown,23,West Brom,West Brom,0.003204272363150868,0.001602136181575434,0.0,0.0,0.04165554072096129,0.0,0.0,0.9612817089452604,0.0,0.0,0.0,0.0,0.0,0.0,2247,22,31,0.030706243602865915,0.09211873080859774,2931,32,38,2.0789473684210527,79,target_man,['target_man'],5
Kieran Gibbs,DEF,19-20,unknown,29,West Brom,West Brom,0.008231707317073171,0.016463414634146342,0.0,0.0,0.06676829268292683,0.0,0.0,1.5548780487804879,0.0,0.0,0.0,0.0,0.0,0.0,984,14,14,0.0,0.0,810,8,38,0.13157894736842105,5,clinical_finisher,['clinical_finisher'],0
Jake Livermore,MID,19-20,unknown,29,West Brom,West Brom,0.0016840417000801924,0.0024057738572574178,0.0,0.0,0.031756214915797915,0.0,0.0,0.7217321571772253,0.0,0.0,0.0,0.0,0.0,0.0,3741,43,45,0.0,0.0,1241,13,38,0.6578947368421053,25,target_man,['target_man'],5
Dara O'Shea,DEF,19-20,unknown,20,West Brom,West Brom,0.010931174089068827,0.0,0.0,0.0,0.04433198380566802,0.0,0.0,1.5182186234817816,0.0,0.0,0.0,0.0,0.0,0.0,1482,16,17,0.0,0.0,2099,21,38,1.0789473684210527,41,clinical_finisher,['clinical_finisher'],0
Matheus Pereira,FWD,19-20,unknown,23,West Brom,West Brom,0.0056166419019316495,0.012035661218424963,0.0,0.0,0.07943536404160477,0.0,0.0,0.8023774145616642,0.0,0.0,0.0,0.0,0.0,0.0,3365,38,42,0.3846153846153846,0.24475524475524474,2574,28,38,4.026315789473684,153,target_man,['target_man'],5
Matt Phillips,MID,19-20,unknown,28,West Brom,West Brom,0.009681423251965247,0.00819197352089367,0.0,0.0,0.08564335953661564,0.0,0.0,0.40959867604468353,0.0,0.0,0.0,0.0,0.0,0.0,2417,30,39,0.09917355371900825,0.04958677685950413,1815,18,38,1.8157894736842106,69,defensive_anchor,['defensive_anchor'],3
Callum Robinson,FWD,19-20,unknown,24,West Brom,West Brom,0.03376318874560375,0.02215709261430246,0.0,0.0,0.4558030480656507,0.0,0.0,0.8440797186400938,0.0,0.0,0.0,0.0,0.0,0.0,853,10,16,0.28994845360824745,0.17396907216494847,1552,14,38,2.0789473684210527,79,box_to_box,['box_to_box'],2
Hal Robson-Kanu,FWD,19-20,unknown,30,West Brom,West Brom,0.015148899438929652,0.0015537332757876565,0.0,0.0,0.08467846353042728,0.0,0.0,0.11652999568407424,0.0,0.0,0.0,0.0,0.0,0.0,2317,24,39,0.33088235294117646,0.0,544,2,38,0.7894736842105263,30,defensive_anchor,['defensive_anchor'],3
Romaine Sawyers,MID,19-20,unknown,27,West Brom,West Brom,0.0004842615012106538,0.0004842615012106538,0.0,0.0,0.011138014527845038,0.0,0.0,0.5811138014527846,0.0,0.0,0.0,0.0,0.0,0.0,3717,42,42,0.0,0.0,1486,17,38,0.868421052631579,33,target_man,['target_man'],5
Conor Townsend,DEF,19-20,unknown,26,West Brom,West Brom,0.0,0.002365930599369085,0.0,0.0,0.008990536277602525,0.0,0.0,1.5615141955835963,0.0,0.0,0.0,0.0,0.0,0.0,1902,19,27,0.0,0.08057296329453895,2234,25,38,2.0,76,clinical_finisher,['clinical_finisher'],0
Sam Johnstone,GK,19-20,unknown,26,West Brom,West Brom,0.0,0.0,0.0,0.0,0.0,0.0,0.0,0.0,0.0,0.0,0.0,0.0,0.0,0.0,4140,46,46,0.0,0.02702702702702703,3330,37,38,3.6842105263157894,140,creative_playmaker,['creative_playmaker'],1
Joe Bryan,DEF,19-20,unknown,25,Fulham,Fulham,0.0007913247362250879,0.0047479484173505275,0.0,0.0,0.02637749120750293,0.0,0.0,1.1869871043376319,0.0,0.0,0.0,0.0,0.0,0.0,3412,39,43,0.13574660633484165,0.13574660633484165,663,7,38,0.7105263157894737,27,clinical_finisher,['clinical_finisher'],0
Tom Cairney,MID,19-20,unknown,28,Fulham,Fulham,0.006068035550107264,0.002206558381857187,0.0,0.0,0.032546736132393506,0.0,0.0,0.49647563591786703,0.0,0.0,0.0,0.0,0.0,0.0,3263,38,39,0.11873350923482849,0.11873350923482849,758,8,38,0.7105263157894737,27,target_man,['target_man'],5
Ivan Cavaleiro,FWD,19-20,unknown,25,Fulham,Fulham,0.005355371900826446,0.0062479338842975195,0.0,0.0,0.05147107438016529,0.0,0.0,0.8330578512396694,0.0,0.0,0.0,0.0,0.0,0.0,3025,36,43,0.10953346855983773,0.0,2465,27,38,2.236842105263158,85,target_man,['target_man'],5
Bobby De Cordova-Reid,FWD,19-20,unknown,26,Fulham,Fulham,0.006010544815465729,0.001898066783831283,0.0,0.0,0.0762390158172232,0.0,0.0,0.4428822495606327,0.0,0.0,0.0,0.0,0.0,0.0,2845,30,41,0.19011406844106463,0.11406844106463879,2367,27,38,2.3157894736842106,88,target_man,['target_man'],5
Aleksandar Mitrović,FWD,19-20,unknown,24,Fulham,Fulham,0.016299804959598773,0.0012538311507383673,0.0,0.0,0.09478963499582055,0.0,0.0,0.20061298411813874,0.0,0.0,0.0,0.0,0.0,0.0,3589,40,40,0.19438444924406048,0.19438444924406048,1389,13,38,1.6578947368421053,63,defensive_anchor,['defensive_anchor'],3
Tim Ream,DEF,19-20,unknown,31,Fulham,Fulham,0.0,0.0,0.0,0.0,0.001139240506329114,0.0,0.0,0.6835443037974684,0.0,0.0,0.0,0.0,0.0,0.0,3950,44,44,0.0,0.0,630,7,38,0.2631578947368421,10,target_man,['target_man'],5
Harrison Reed,MID,19-20,unknown,24,Fulham,Fulham,0.0,0.002471169686985173,0.0,0.0,0.01729818780889621,0.0,0.0,1.630971993410214,0.0,0.0,0.0,0.0,0.0,0.0,1821,21,25,0.0,0.12037449843958985,2243,25,38,1.8157894736842106,69,clinical_finisher,['clinical_finisher'],0
Max Aarons,DEF,20-21,unknown,20,Norwich,Norwich,0.0008897676717745922,0.0008897676717745922,0.0,0.0,0.015348492338111714,0.0,0.0,0.019797330696984677,0.0,0.0,0.0,0.0,0.0,0.0,4046,45,45,0.0,0.06252170892671066,2879,32,38,1.4473684210526316,55,creative_playmaker,['creative_playmaker'],1
Kieran Dowell,MID,20-21,unknown,22,Norwich,Norwich,0.0463519313304721,0.009656652360515022,0.0,0.0,0.28776824034334764,0.0,0.0,0.03669527896995708,0.0,0.0,0.0,0.0,0.0,0.0,932,12,24,0.09944751381215469,0.09944751381215469,905,11,38,1.0789473684210527,41,ball_carrying_threat,['ball_carrying_threat'],4
Dimitris Giannoulis,DEF,20-21,unknown,24,Norwich,Norwich,0.0,0.004827586206896552,0.0,0.0,0.05241379310344828,0.0,0.0,0.07586206896551725,0.0,0.0,0.0,0.0,0.0,0.0,1305,16,16,0.0,0.07725321888412016,1165,11,38,1.0263157894736843,39,creative_playmaker,['creative_playmaker'],1
Ben Gibson,DEF,20-21,unknown,27,Norwich,Norwich,0.0,0.0015280135823429542,0.0,0.0,0.011842105263157895,0.0,0.0,0.06570458404074703,0.0,0.0,0.0,0.0,0.0,0.0,2356,26,27,0.0,0.0,2494,28,38,1.394736842105263,53,creative_playmaker,['creative_playmaker'],1
Grant Hanley,DEF,20-21,unknown,28,Norwich,Norwich,0.0004761904761904762,0.0,0.0,0.0,0.015238095238095238,0.0,0.0,0.04714285714285714,0.0,0.0,0.0,0.0,0.0,0.0,3780,42,42,0.03106662064204349,0.0,2897,32,38,1.868421052631579,71,creative_playmaker,['creative_playmaker'],1
Kenny McLean,MID,20-21,unknown,28,Norwich,Norwich,0.002317880794701987,0.006622516556291392,0.0,0.0,0.04503311258278146,0.0,0.0,0.03741721854304635,0.0,0.0,0.0,0.0,0.0,0.0,2718,30,38,0.03324713705208718,0.0,2707,30,38,1.8157894736842106,69,creative_playmaker,['creative_playmaker'],1
Teemu Pukki,FWD,20-21,unknown,30,Norwich,Norwich,0.01784256559766764,0.0026239067055393583,0.0,0.0,0.09498542274052478,0.0,0.0,0.00629737609329446,0.0,0.0,0.0,0.0,0.0,0.0,3430,39,41,0.30433446049800184,0.08300030740854596,3253,37,38,3.736842105263158,142,defensive_anchor,['defensive_anchor'],3
Lukas Rupp,MID,20-21,unknown,29,Norwich,Norwich,0.0,0.014917127071823204,0.0,0.0,0.12573007103393843,0.0,0.0,0.11081294396211525,0.0,0.0,0.0,0.0,0.0,0.0,1267,15,23,0.0,0.0,759,4,38,0.6052631578947368,23,defensive_anchor,['defensive_anchor'],3
Jakob Sørensen,DEF,20-21,unknown,22,Norwich,Norwich,0.002291242362525458,0.002291242362525458,0.0,0.0,0.03161914460285132,0.0,0.0,0.06919551934826884,0.0,0.0,0.0,0.0,0.0,0.0,1964,20,32,0.0,0.0,600,6,38,0.23684210526315788,9,creative_playmaker,['creative_playmaker'],1
Tim Krul,GK,20-21,unknown,32,Norwich,Norwich,0.0,0.0,0.0,0.0,0.0,0.0,0.0,0.0008466603951081844,0.0,0.0,0.0,0.0,0.0,0.0,3189,36,36,0.0,0.0,2610,29,38,2.3684210526315788,90,creative_playmaker,['creative_playmaker'],1
Craig Cathcart,DEF,20-21,unknown,31,Watford,Watford,0.0023510971786833857,0.0023510971786833857,0.0,0.0,0.010815047021943575,0.0,0.0,0.04655172413793104,0.0,0.0,0.0,0.0,0.0,0.0,1914,20,25,0.0,0.03759398496240601,2394,26,38,1.3157894736842106,50,creative_playmaker,['creative_playmaker'],1
Tom Cleverley,MID,20-21,unknown,30,Watford,Watford,0.004844290657439447,0.0024221453287197234,0.0,0.0,0.0453287197231834,0.0,0.0,0.03460207612456748,0.0,0.0,0.0,0.0,0.0,0.0,2601,32,34,0.0,0.111731843575419,1611,14,38,1.263157894736842,48,creative_playmaker,['creative_playmaker'],1
Kiko Femenía,DEF,20-21,unknown,29,Watford,Watford,0.0,0.003574975173783515,0.0,0.0,0.009831181727904667,0.0,0.0,0.04170804369414101,0.0,0.0,0.0,0.0,0.0,0.0,3021,36,37,0.0,0.20998600093327113,2143,22,38,1.394736842105263,53,creative_playmaker,['creative_playmaker'],1
João Pedro,FWD,20-21,unknown,18,Watford,Watford,0.009828904259191844,0.002293410993811431,0.0,0.0,0.07404441208591189,0.0,0.0,0.022606479796141242,0.0,0.0,0.0,0.0,0.0,0.0,2747,31,38,0.16523867809057527,0.05507955936352509,1634,14,38,1.5789473684210527,60,defensive_anchor,['defensive_anchor'],3
Christian Kabasele,DEF,20-21,unknown,29,Watford,Watford,0.0026439482961222094,0.0,0.0,0.0,0.022209165687426556,0.0,0.0,0.04759106933019976,0.0,0.0,0.0,0.0,0.0,0.0,1702,19,20,0.0,0.0,1190,13,38,0.5526315789473685,21,creative_playmaker,['creative_playmaker'],1
Adam Masina,DEF,20-21,unknown,26,Watford,Watford,0.004203425012973534,0.0,0.0,0.0,0.01961598339387649,0.0,0.0,0.07846393357550596,0.0,0.0,0.0,0.0,0.0,0.0,1927,21,25,0.0,0.08372093023255814,1075,11,38,0.6578947368421053,25,creative_playmaker,['creative_playmaker'],1
Jeremy Ngakia,DEF,20-21,unknown,19,Watford,Watford,0.0,0.0033707865168539322,0.0,0.0,0.015730337078651686,0.0,0.0,0.11067415730337078,0.0,0.0,0.0,0.0,0.0,0.0,1602,18,25,0.0,0.0,896,9,38,0.7368421052631579,28,creative_playmaker,['creative_playmaker'],1
Ismaila Sarr,FWD,20-21,unknown,22,Watford,Watford,0.008846487424111016,0.002601908065915005,0.0,0.0,0.0575021682567216,0.0,0.0,0.01769297484822203,0.0,0.0,0.0,0.0,0.0,0.0,3459,39,39,0.24167561761546721,0.09667024704618689,1862,21,38,2.1315789473684212,81,creative_playmaker,['creative_playmaker'],1
Ken Sema,FWD,20-21,unknown,26,Watford,Watford,0.0030265973708346076,0.0038520330174258645,0.0,0.0,0.019810455518190155,0.0,0.0,0.018159584225007644,0.0,0.0,0.0,0.0,0.0,0.0,3271,38,41,0.0,0.0,844,7,38,0.6842105263157895,26,creative_playmaker,['creative_playmaker'],1
William Troost-Ekong,DEF,20-21,unknown,26,Watford,Watford,0.00101010101010101,0.0,0.0,0.0,0.00808080808080808,0.0,0.0,0.03063973063973064,0.0,0.0,0.0,0.0,0.0,0.0,2673,31,32,0.0,0.0,1388,15,38,0.47368421052631576,18,creative_playmaker,['creative_playmaker'],1
Daniel Bachmann,GK,20-21,unknown,26,Watford,Watford,0.0,0.0,0.0,0.0,0.0,0.0,0.0,0.0,0.0,0.0,0.0,0.0,0.0,0.0,2070,23,23,0.0,0.0,1080,12,38,0.6578947368421053,25,creative_playmaker,['creative_playmaker'],1
Ben Foster,GK,20-21,unknown,37,Watford,Watford,0.0,0.0,0.0,0.0,0.0,0.0,0.0,0.0017391304347826088,0.0,0.0,0.0,0.0,0.0,0.0,2070,23,23,0.0,0.038461538461538464,2340,26,38,2.1315789473684212,81,creative_playmaker,['creative_playmaker'],1
Mads Bech Sørensen,DEF,20-21,unknown,21,Brentford,Brentford,0.002351623740201568,0.0,0.0,0.0,0.005711086226203808,0.0,0.0,0.033930571108622624,0.0,0.0,0.0,0.0,0.0,0.0,2679,29,32,0.0,0.0,833,9,38,0.5789473684210527,22,creative_playmaker,['creative_playmaker'],1
Sergi Canós,FWD,20-21,unknown,23,Brentford,Brentford,0.008774373259052925,0.007834261838440111,0.0,0.0,0.10027855153203342,0.0,0.0,0.028516713091922007,0.0,0.0,0.0,0.0,0.0,0.0,2872,33,46,0.12999518536350504,0.12999518536350504,2077,24,38,2.1315789473684212,81,defensive_anchor,['defensive_anchor'],3
Saman Ghoddos,FWD,20-21,unknown,26,Brentford,Brentford,0.010997963340122199,0.007331975560081466,0.0,0.0,0.12281059063136454,0.0,0.0,0.03360488798370672,0.0,0.0,0.0,0.0,0.0,0.0,1473,16,40,0.1717557251908397,0.3435114503816794,524,3,38,0.7894736842105263,30,defensive_anchor,['defensive_anchor'],3
Rico Henry,DEF,20-21,unknown,23,Brentford,Brentford,0.0014291385470424772,0.0025009924573243356,0.0,0.0,0.011433108376339818,0.0,0.0,0.04215958713775308,0.0,0.0,0.0,0.0,0.0,0.0,2519,30,30,0.0972972972972973,0.0,2775,31,38,2.8421052631578947,108,creative_playmaker,['creative_playmaker'],1
Vitaly Janelt,MID,20-21,unknown,22,Brentford,Brentford,0.0026332899869960986,0.0026332899869960986,0.0,0.0,0.012873862158647595,0.0,0.0,0.051202860858257475,0.0,0.0,0.0,0.0,0.0,0.0,3076,36,41,0.1568627450980392,0.0,2295,25,38,2.3684210526315788,90,creative_playmaker,['creative_playmaker'],1
Pontus Jansson,DEF,20-21,unknown,29,Brentford,Brentford,0.0,0.0,0.0,0.0,0.025134737873591374,0.0,0.0,0.052474277315041645,0.0,0.0,0.0,0.0,0.0,0.0,2041,23,24,0.08130081300813008,0.10840108401084012,3321,37,38,3.210526315789474,122,creative_playmaker,['creative_playmaker'],1
Mathias Jensen,MID,20-21,unknown,24,Brentford,Brentford,0.0017002518891687656,0.005667506297229219,0.0,0.0,0.031171284634760706,0.0,0.0,0.04250629722921914,0.0,0.0,0.0,0.0,0.0,0.0,3176,35,45,0.0,0.056603773584905655,1590,15,38,1.4210526315789473,54,creative_playmaker,['creative_playmaker'],1
Bryan Mbeumo,FWD,20-21,unknown,20,Brentford,Brentford,0.00673828125,0.00849609375,0.0,0.0,0.055078125,0.0,0.0,0.023144531250000003,0.0,0.0,0.0,0.0,0.0,0.0,3072,37,44,0.12392426850258176,0.21686746987951808,2905,32,38,3.1315789473684212,119,defensive_anchor,['defensive_anchor'],3
Christian Nørgaard,DEF,20-21,unknown,26,Brentford,Brentford,0.0,0.0,0.0,0.0,0.0574173712528824,0.0,0.0,0.09062259800153728,0.0,0.0,0.0,0.0,0.0,0.0,1301,15,17,0.08840864440078586,0.11787819253438116,3054,34,38,2.6578947368421053,101,creative_playmaker,['creative_playmaker'],1
Ethan Pinnock,DEF,20-21,unknown,27,Brentford,Brentford,0.0007867132867132867,0.0007867132867132867,0.0,0.0,0.022027972027972027,0.0,0.0,0.028321678321678322,0.0,0.0,0.0,0.0,0.0,0.0,3432,39,39,0.03340757238307349,0.03340757238307349,2694,29,38,2.3684210526315788,90,creative_playmaker,['creative_playmaker'],1
Mads Roerslev,DEF,20-21,unknown,21,Brentford,Brentford,0.0,0.021774193548387097,0.0,0.0,0.010368663594470048,0.0,0.0,0.07569124423963133,0.0,0.0,0.0,0.0,0.0,0.0,868,10,17,0.07305194805194806,0.07305194805194806,1232,12,38,1.0789473684210527,41,set_piece_specialist,['set_piece_specialist'],6
Ivan Toney,FWD,20-21,unknown,24,Brentford,Brentford,0.01683116883116883,0.005376623376623377,0.0,0.0,0.07363636363636364,0.0,0.0,0.006077922077922078,0.0,0.0,0.0,0.0,0.0,0.0,3850,44,45,0.3713892709766162,0.1547455295735901,2908,32,38,3.6578947368421053,139,defensive_anchor,['defensive_anchor'],3
David Raya,GK,20-21,unknown,24,Brentford,Brentford,0.0,0.0,0.0,0.0,0.0,0.0,0.0,0.0,0.0,0.0,0.0,0.0,0.0,0.0,3780,42,42,0.0,0.0,2160,24,38,2.5,95,creative_playmaker,['creative_playmaker'],1
Tosin Adarabioyo,DEF,21-22,unknown,23,Fulham,Fulham,0.001221498371335505,0.001221498371335505,0.0,0.0,0.016123778501628667,0.0,0.0,0.02980456026058632,0.0,0.0,0.0,0.0,0.0,0.0,3684,41,41,0.04318618042226487,0.0,2084,23,38,1.2894736842105263,49,creative_playmaker,['creative_playmaker'],1
Tom Cairney,MID,21-22,unknown,30,Fulham,Fulham,0.00989010989010989,0.013380736910148674,0.0,0.0,0.054104718810601166,0.0,0.0,0.013380736910148674,0.0,0.0,0.0,0.0,0.0,0.0,1547,16,26,0.1859504132231405,0.09297520661157024,968,6,38,1.394736842105263,53,defensive_anchor,['defensive_anchor'],3
Bobby De Cordova-Reid,MID,21-22,unknown,28,Fulham,Fulham,0.010340729001584786,0.010340729001584786,0.0,0.0,0.05847860538827258,0.0,0.0,0.02175118858954041,0.0,0.0,0.0,0.0,0.0,0.0,2524,26,41,0.14557217953902143,0.03639304488475536,2473,28,38,2.3684210526315788,90,defensive_anchor,['defensive_anchor'],3
Neeskens Kebano,MID,21-22,unknown,29,Fulham,Fulham,0.009937430990062569,0.0066249539933750465,0.0,0.0,0.07552447552447551,0.0,0.0,0.014243651085756348,0.0,0.0,0.0,0.0,0.0,0.0,2717,31,40,0.0,0.47493403693931396,758,8,38,1.0526315789473684,40,defensive_anchor,['defensive_anchor'],3
Aleksandar Mitrović,FWD,21-22,unknown,26,Fulham,Fulham,0.02375849451123889,0.0037637219027705174,0.0,0.0,0.10961840041819132,0.0,0.0,0.002117093570308416,0.0,0.0,0.0,0.0,0.0,0.0,3826,44,44,0.6268656716417911,0.08955223880597016,2010,22,38,2.8157894736842106,107,defensive_anchor,['defensive_anchor'],3
Tim Ream,DEF,21-22,unknown,33,Fulham,Fulham,0.0004422604422604423,0.0008845208845208846,0.0,0.0,0.003316953316953317,0.0,0.0,0.030294840294840298,0.0,0.0,0.0,0.0,0.0,0.0,4070,46,46,0.03105590062111801,0.0,2898,32,38,2.5789473684210527,98,creative_playmaker,['creative_playmaker'],1
Harrison Reed,MID,21-22,unknown,26,Fulham,Fulham,0.0,0.002337662337662338,0.0,0.0,0.0300556586270872,0.0,0.0,0.03807050092764378,0.0,0.0,0.0,0.0,0.0,0.0,2695,32,39,0.09414225941422594,0.12552301255230125,2868,32,38,2.8157894736842106,107,creative_playmaker,['creative_playmaker'],1
Antonee Robinson,DEF,21-22,unknown,23,Fulham,Fulham,0.0017827665896335422,0.0035655331792670843,0.0,0.0,0.00802244965335094,0.0,0.0,0.05288874215912842,0.0,0.0,0.0,0.0,0.0,0.0,3029,33,36,0.0,0.05829015544041451,3088,34,38,2.4473684210526314,93,creative_playmaker,['creative_playmaker'],1
Kenny Tete,DEF,21-22,unknown,25,Fulham,Fulham,0.00871833084947839,0.004694485842026826,0.0,0.0,0.044932935916542474,0.0,0.0,0.08584202682563338,0.0,0.0,0.0,0.0,0.0,0.0,1342,15,20,0.03503308680420397,0.17516543402101986,2569,29,38,2.3684210526315788,90,defensive_anchor,['defensive_anchor'],3
Harry Wilson,MID,21-22,unknown,24,Fulham,Fulham,0.006731875719217492,0.012686996547756043,0.0,0.0,0.06317606444188723,0.0,0.0,0.017347525891829692,0.0,0.0,0.0,0.0,0.0,0.0,3476,40,41,0.16589861751152074,0.4147465437788018,1085,11,38,1.7894736842105263,68,defensive_anchor,['defensive_anchor'],3
Jaidon Anthony,FWD,21-22,unknown,21,Bournemouth,Bournemouth,0.006090433712703784,0.004706244232543833,0.0,0.0,0.04761611811750231,0.0,0.0,0.016056597969855427,0.0,0.0,0.0,0.0,0.0,0.0,3251,38,45,0.217566478646253,0.072522159548751,1241,9,38,1.605263157894737,61,creative_playmaker,['creative_playmaker'],1
Philip Billing,MID,21-22,unknown,25,Bournemouth,Bournemouth,0.007354721549636805,0.007354721549636805,0.0,0.0,0.051210653753026636,0.0,0.0,0.025332929782082327,0.0,0.0,0.0,0.0,0.0,0.0,3304,37,40,0.227765726681128,0.0650759219088937,2766,31,38,3.3157894736842106,126,defensive_anchor,['defensive_anchor'],3
Ryan Christie,FWD,21-22,unknown,26,Bournemouth,Bournemouth,0.002702702702702703,0.007207207207207207,0.0,0.0,0.06486486486486487,0.0,0.0,0.036036036036036036,0.0,0.0,0.0,0.0,0.0,0.0,2997,36,38,0.049315068493150684,0.09863013698630137,1825,18,38,1.6842105263157894,64,defensive_anchor,['defensive_anchor'],3
Lewis Cook,MID,21-22,unknown,24,Bournemouth,Bournemouth,0.0016566958122411412,0.0033133916244822825,0.0,0.0,0.024022089277496547,0.0,0.0,0.05674183156925909,0.0,0.0,0.0,0.0,0.0,0.0,2173,25,28,0.0,0.10514018691588785,1712,17,38,1.3421052631578947,51,creative_playmaker,['creative_playmaker'],1
Lloyd Kelly,DEF,21-22,unknown,22,Bournemouth,Bournemouth,0.0004965517241379311,0.0004965517241379311,0.0,0.0,0.006703448275862069,0.0,0.0,0.025324137931034482,0.0,0.0,0.0,0.0,0.0,0.0,3625,40,41,0.0,0.08823529411764705,2040,23,38,1.5789473684210527,60,creative_playmaker,['creative_playmaker'],1
Jefferson Lerma,MID,21-22,unknown,26,Bournemouth,Bournemouth,0.00094604064470918,0.00283812193412754,0.0,0.0,0.03689558514365802,0.0,0.0,0.032796075683251574,0.0,0.0,0.0,0.0,0.0,0.0,2854,33,34,0.13837638376383765,0.0,3252,36,38,2.6578947368421053,101,creative_playmaker,['creative_playmaker'],1
Chris Mepham,DEF,21-22,unknown,23,Bournemouth,Bournemouth,0.0,0.0,0.0,0.0,0.020547945205479454,0.0,0.0,0.10109589041095891,0.0,0.0,0.0,0.0,0.0,0.0,1095,12,22,0.0,0.0,2197,24,38,1.131578947368421,43,creative_playmaker,['creative_playmaker'],1
Adam Smith,DEF,21-22,unknown,30,Bournemouth,Bournemouth,0.0,0.005786090005844535,0.0,0.0,0.0168322618351841,0.0,0.0,0.044184687317358265,0.0,0.0,0.0,0.0,0.0,0.0,1711,20,20,0.0,0.030612244897959186,2940,32,38,1.9473684210526316,74,creative_playmaker,['creative_playmaker'],1
Dominic Solanke,FWD,21-22,unknown,23,Bournemouth,Bournemouth,0.014096916299559472,0.003303964757709251,0.0,0.0,0.07665198237885462,0.0,0.0,0.0024229074889867844,0.0,0.0,0.0,0.0,0.0,0.0,4086,46,46,0.18848167539267016,0.31413612565445026,2865,31,38,3.4210526315789473,130,defensive_anchor,['defensive_anchor'],3
Jordan Zemura,DEF,21-22,unknown,21,Bournemouth,Bournemouth,0.0027815934065934067,0.0009271978021978022,0.0,0.0,0.019162087912087913,0.0,0.0,0.03523351648351648,0.0,0.0,0.0,0.0,0.0,0.0,2912,32,33,0.0,0.06198347107438017,1452,16,38,1.236842105263158,47,creative_playmaker,['creative_playmaker'],1
Mark Travers,GK,21-22,unknown,22,Bournemouth,Bournemouth,0.0,0.0,0.0,0.0,0.0,0.0,0.0,0.00044444444444444447,0.0,0.0,0.0,0.0,0.0,0.0,4050,45,45,0.0,0.0,1035,11,38,0.7368421052631579,28,creative_playmaker,['creative_playmaker'],1
Jack Colback,DEF,21-22,unknown,31,Nott'm Forest,Nott'm Forest,0.0026053393374075263,0.0008684464458025088,0.0,0.0,0.015921518173045997,0.0,0.0,0.03444837568349952,0.0,0.0,0.0,0.0,0.0,0.0,3109,36,38,0.0,0.0,492,3,38,0.3684210526315789,14,creative_playmaker,['creative_playmaker'],1
Steve Cook,DEF,21-22,unknown,30,Nott'm Forest,Nott'm Forest,0.0,0.0,0.0,0.0,0.09015544041450776,0.0,0.0,0.11424870466321244,0.0,0.0,0.0,0.0,0.0,0.0,1158,13,14,0.0,0.0,956,11,38,0.5263157894736842,20,creative_playmaker,['creative_playmaker'],1
Brennan Johnson,FWD,21-22,unknown,20,Nott'm Forest,Nott'm Forest,0.008542842483324781,0.0053104155977424326,0.0,0.0,0.04594663930220626,0.0,0.0,0.008542842483324781,0.0,0.0,0.0,0.0,0.0,0.0,3898,44,46,0.24573378839590443,0.15358361774744025,2930,32,38,3.210526315789474,122,defensive_anchor,['defensive_anchor'],3
Scott McKenna,DEF,21-22,unknown,24,Nott'm Forest,Nott'm Forest,0.0011292346298619825,0.0015809284818067756,0.0,0.0,0.0065495608531994974,0.0,0.0,0.022358845671267252,0.0,0.0,0.0,0.0,0.0,0.0,3985,45,45,0.0,0.0,1570,17,38,1.0526315789473684,40,creative_playmaker,['creative_playmaker'],1
Joe Worrall,DEF,21-22,unknown,24,Nott'm Forest,Nott'm Forest,0.0,0.0007692307692307692,0.0,0.0,0.013846153846153847,0.0,0.0,0.04794871794871795,0.0,0.0,0.0,0.0,0.0,0.0,3510,39,39,0.040632054176072234,0.0,2215,24,38,1.605263157894737,61,creative_playmaker,['creative_playmaker'],1
Ryan Yates,MID,21-22,unknown,23,Nott'm Forest,Nott'm Forest,0.004899292324442025,0.0,0.0,0.0,0.030620577027762656,0.0,0.0,0.03111050626020686,0.0,0.0,0.0,0.0,0.0,0.0,3674,41,43,0.0,0.14729950900163666,1833,18,38,1.394736842105263,53,creative_playmaker,['creative_playmaker'],1
Jordan Beyer,DEF,22-23,unknown,22,Burnley,Burnley,0.0014223627024891347,0.002489134729355986,0.0,0.0,0.015290399051758198,0.0,0.0,0.046937969182141444,0.0,0.0,0.0,0.0,0.0,0.0,2531,29,30,0.0,0.07293354943273907,2468,28,76,0.7894736842105263,60,creative_playmaker,['creative_playmaker'],1
Josh Brownhill,MID,22-23,unknown,26,Burnley,Burnley,0.004532736429770565,0.0050363738108561845,0.0,0.0,0.03676552881925014,0.0,0.0,0.022915500839395638,0.0,0.0,0.0,0.0,0.0,0.0,3574,41,41,0.1601423487544484,0.0800711743772242,4496,44,76,2.0526315789473686,156,creative_playmaker,['creative_playmaker'],1
Josh Cullen,MID,22-23,unknown,26,Burnley,Burnley,0.00046875000000000004,0.002109375,0.0,0.0,0.015937500000000004,0.0,0.0,0.026250000000000002,0.0,0.0,0.0,0.0,0.0,0.0,3840,43,43,0.08759124087591241,0.17518248175182483,4110,44,76,1.7105263157894737,130,creative_playmaker,['creative_playmaker'],1
Ameen Al-Dakhil,DEF,22-23,unknown,20,Burnley,Burnley,0.0,0.0,0.0,0.0,0.08986587183308495,0.0,0.0,0.19716840536512667,0.0,0.0,0.0,0.0,0.0,0.0,671,7,8,0.08530805687203792,0.0,2110,22,76,0.5,38,creative_playmaker,['creative_playmaker'],1
Hjalmar Ekdal,DEF,22-23,unknown,23,Burnley,Burnley,0.014080834419817471,0.014080834419817471,0.0,0.0,0.014080834419817471,0.0,0.0,0.055149934810951755,0.0,0.0,0.0,0.0,0.0,0.0,767,9,9,0.0,0.0,872,8,76,0.39473684210526316,30,defensive_anchor,['defensive_anchor'],3
Connor Roberts,DEF,22-23,unknown,26,Burnley,Burnley,0.0025495750708215297,0.0038243626062322944,0.0,0.0,0.01886685552407932,0.0,0.0,0.016317280453257792,0.0,0.0,0.0,0.0,0.0,0.0,3530,39,43,0.0,0.11015911872705018,1634,16,76,0.3157894736842105,24,creative_playmaker,['creative_playmaker'],1
Jay Rodriguez,FWD,22-23,unknown,33,Burnley,Burnley,0.02476609796367639,0.0049532195927352776,0.0,0.0,0.11541001651073197,0.0,0.0,0.0049532195927352776,0.0,0.0,0.0,0.0,0.0,0.0,1817,20,28,0.2219482120838471,0.11097410604192355,1622,12,76,1.0789473684210527,82,defensive_anchor,['defensive_anchor'],3
Charlie Taylor,DEF,22-23,unknown,28,Burnley,Burnley,0.0,0.002608695652173913,0.0,0.0,0.010956521739130434,0.0,0.0,0.08139130434782609,0.0,0.0,0.0,0.0,0.0,0.0,1725,17,33,0.038643194504079006,0.038643194504079006,4658,50,76,1.236842105263158,94,creative_playmaker,['creative_playmaker'],1
Arijanet Muric,GK,22-23,unknown,23,Burnley,Burnley,0.0,0.0,0.0,0.0,0.0,0.0,0.0,0.0,0.0,0.0,0.0,0.0,0.0,0.0,3614,41,41,0.0,0.0,1800,20,76,1.236842105263158,94,creative_playmaker,['creative_playmaker'],1
Anel Ahmedhodžić,DEF,22-23,unknown,23,Sheffield Utd,Sheffield Utd,0.005979020979020979,0.001888111888111888,0.0,0.0,0.040594405594405594,0.0,0.0,0.05853146853146853,0.0,0.0,0.0,0.0,0.0,0.0,2860,32,34,0.06795016987542468,0.0,5298,58,76,0.8157894736842105,62,creative_playmaker,['creative_playmaker'],1
George Baldock,MID,22-23,unknown,29,Sheffield Utd,Sheffield Utd,0.0009388038942976356,0.0028164116828929067,0.0,0.0,0.014707927677329624,0.0,0.0,0.022531293463143254,0.0,0.0,0.0,0.0,0.0,0.0,2876,33,36,0.0,0.1859504132231405,1936,20,76,0.5526315789473685,42,creative_playmaker,['creative_playmaker'],1
Chris Basham,DEF,22-23,unknown,34,Sheffield Utd,Sheffield Utd,0.0,0.005184331797235024,0.0,0.0,0.026958525345622122,0.0,0.0,0.08605990783410138,0.0,0.0,0.0,0.0,0.0,0.0,1736,18,29,0.0,0.0,632,4,76,0.21052631578947367,16,creative_playmaker,['creative_playmaker'],1
Jayden Bogle,MID,22-23,unknown,22,Sheffield Utd,Sheffield Utd,0.008441558441558441,0.0038961038961038957,0.0,0.0,0.08831168831168831,0.0,0.0,0.06753246753246753,0.0,0.0,0.0,0.0,0.0,0.0,1386,16,20,0.09687836383207751,0.09687836383207751,5574,62,76,1.6578947368421053,126,defensive_anchor,['defensive_anchor'],3
Rhian Brewster,FWD,22-23,unknown,22,Sheffield Utd,Sheffield Utd,0.025263157894736845,0.025263157894736845,0.0,0.0,0.5257894736842106,0.0,0.0,0.05052631578947369,0.0,0.0,0.0,0.0,0.0,0.0,570,5,16,0.0,0.0,676,2,76,0.2894736842105263,22,box_to_box,['box_to_box'],2
John Egan,DEF,22-23,unknown,29,Sheffield Utd,Sheffield Utd,0.0011378002528445008,0.0004551201011378003,0.0,0.0,0.023893805309734516,0.0,0.0,0.03777496839443742,0.0,0.0,0.0,0.0,0.0,0.0,3955,44,45,0.0,0.0,964,10,76,0.02631578947368421,2,creative_playmaker,['creative_playmaker'],1
Max Lowe,MID,22-23,unknown,25,Sheffield Utd,Sheffield Utd,0.0017946161515453641,0.009870388833499503,0.0,0.0,0.021984047856430707,0.0,0.0,0.0722333000997009,0.0,0.0,0.0,0.0,0.0,0.0,2006,24,26,0.0,0.18072289156626506,996,8,76,0.34210526315789475,26,defensive_anchor,['defensive_anchor'],3
James Mcatee,MID,22-23,unknown,19,Sheffield Utd,Sheffield Utd,0.020389884088514224,0.006638566912539516,0.0,0.0,0.09436248682824025,0.0,0.0,0.022286617492096945,0.0,0.0,0.0,0.0,0.0,0.0,1898,21,37,0.14884233737596472,0.19845644983461963,3628,38,68,2.235294117647059,152,defensive_anchor,['defensive_anchor'],3
Oliver McBurnie,FWD,22-23,unknown,26,Sheffield Utd,Sheffield Utd,0.021476812246735706,0.0032417829806393518,0.0,0.0,0.13939666816749213,0.0,0.0,0.0064835659612787035,0.0,0.0,0.0,0.0,0.0,0.0,2221,25,38,0.42220484753713844,0.21110242376856922,2558,24,76,1.736842105263158,132,defensive_anchor,['defensive_anchor'],3
Oliver Norwood,MID,22-23,unknown,31,Sheffield Utd,Sheffield Utd,0.0012747875354107649,0.0033144475920679887,0.0,0.0,0.031104815864022663,0.0,0.0,0.04869688385269122,0.0,0.0,0.0,0.0,0.0,0.0,3530,39,46,0.06298110566829951,0.0,2858,30,76,1.105263157894737,84,creative_playmaker,['creative_playmaker'],1
Ben Osborn,MID,22-23,unknown,27,Sheffield Utd,Sheffield Utd,0.006697674418604652,0.0,0.0,0.0,0.11218604651162792,0.0,0.0,0.09125581395348838,0.0,0.0,0.0,0.0,0.0,0.0,1075,10,20,0.0,0.13245033112582782,2718,26,76,1.0,76,creative_playmaker,['creative_playmaker'],1
Jack Robinson,DEF,22-23,unknown,28,Sheffield Utd,Sheffield Utd,0.005490380103237917,0.0016893477240732052,0.0,0.0,0.024917878930079775,0.0,0.0,0.05870483341154387,0.0,0.0,0.0,0.0,0.0,0.0,2131,25,27,0.03121748178980229,0.03121748178980229,5766,62,76,0.868421052631579,66,creative_playmaker,['creative_playmaker'],1
Wes Foderingham,GK,22-23,unknown,31,Sheffield Utd,Sheffield Utd,0.0,0.0007687927107061502,0.0,0.0,0.0007687927107061502,0.0,0.0,0.0,0.0,0.0,0.0,0.0,0.0,0.0,3512,40,40,0.0,0.0,5296,58,76,1.8421052631578947,140,creative_playmaker,['creative_playmaker'],1
Elijah Adebayo,FWD,22-23,unknown,24,Luton,Luton,0.005597014925373135,0.002238805970149254,0.0,0.0,0.06492537313432835,0.0,0.0,0.008675373134328358,0.0,0.0,0.0,0.0,0.0,0.0,3216,39,42,0.6405693950177936,0.06405693950177936,2810,32,76,2.473684210526316,188,creative_playmaker,['creative_playmaker'],1
Luke Berry,MID,22-23,unknown,30,Luton,Luton,0.05333333333333334,0.0,0.0,0.0,0.3026666666666667,0.0,0.0,0.12400000000000001,0.0,0.0,0.0,0.0,0.0,0.0,675,4,21,0.5825242718446603,0.29126213592233013,618,4,76,0.8157894736842105,62,ball_carrying_threat,['ball_carrying_threat'],4
Reece Burke,DEF,22-23,unknown,25,Luton,Luton,0.009655172413793104,0.0,0.0,0.0,0.009655172413793104,0.0,0.0,0.05724137931034483,0.0,0.0,0.0,0.0,0.0,0.0,1305,15,20,0.0,0.21699819168173598,3318,34,76,1.0526315789473684,80,creative_playmaker,['creative_playmaker'],1
Alfie Doughty,MID,22-23,unknown,22,Luton,Luton,0.0033179723502304147,0.008709677419354838,0.0,0.0,0.04811059907834101,0.0,0.0,0.03110599078341014,0.0,0.0,0.0,0.0,0.0,0.0,2170,25,28,0.06158056790968184,0.3079028395484092,5846,66,76,2.6578947368421053,202,defensive_anchor,['defensive_anchor'],3
Tom Lockyer,DEF,22-23,unknown,27,Luton,Luton,0.002091199535288992,0.000784199825733372,0.0,0.0,0.01699099622422306,0.0,0.0,0.0423467905896021,0.0,0.0,0.0,0.0,0.0,0.0,3443,39,39,0.07698887938408897,0.07698887938408897,2338,24,76,0.6052631578947368,46,creative_playmaker,['creative_playmaker'],1
Carlton Morris,FWD,22-23,unknown,26,Luton,Luton,0.01416270783847981,0.004275534441805225,0.0,0.0,0.08283847980997625,0.0,0.0,0.0021377672209026127,0.0,0.0,0.0,0.0,0.0,0.0,3368,41,44,0.3462749213011543,0.1888772298006296,5718,64,76,3.8421052631578947,292,defensive_anchor,['defensive_anchor'],3
Marvelous Nakamba,MID,22-23,unknown,28,Luton,Luton,0.0,0.0,0.0,0.0,0.020238931834153196,0.0,0.0,0.048067463106113845,0.0,0.0,0.0,0.0,0.0,0.0,1423,16,17,0.0,0.0,2262,26,76,0.5526315789473685,42,creative_playmaker,['creative_playmaker'],1
Fred Onyedinma,MID,22-23,unknown,25,Luton,Luton,0.0,0.0391304347826087,0.0,0.0,0.05869565217391304,0.0,0.0,0.21381987577639752,0.0,0.0,0.0,0.0,0.0,0.0,644,6,17,0.0,0.0,806,8,76,0.2894736842105263,22,set_piece_specialist,['set_piece_specialist'],6
Gabriel Osho,DEF,22-23,unknown,23,Luton,Luton,0.004105423213380639,0.0,0.0,0.0,0.03329954384186518,0.0,0.0,0.06659908768373037,0.0,0.0,0.0,0.0,0.0,0.0,1973,22,27,0.09750812567713975,0.0,3692,40,76,1.0789473684210527,82,creative_playmaker,['creative_playmaker'],1
Pelly Ruddock Mpanzu,MID,22-23,unknown,29,Luton,Luton,0.005531914893617021,0.001702127659574468,0.0,0.0,0.036170212765957444,0.0,0.0,0.030638297872340424,0.0,0.0,0.0,0.0,0.0,0.0,2115,24,30,0.0,0.0,2170,16,76,0.9210526315789473,70,creative_playmaker,['creative_playmaker'],1
Cauley Woodrow,FWD,22-23,unknown,27,Luton,Luton,0.0285336856010568,0.0142668428005284,0.0,0.0,0.4387054161162483,0.0,0.0,0.0428005284015852,0.0,0.0,0.0,0.0,0.0,0.0,757,5,27,0.22167487684729065,0.22167487684729065,812,2,76,0.868421052631579,66,box_to_box,['box_to_box'],2
Conor Coady,DEF,23-24,unknown,30,Leicester,Leicester,0.0,0.0,0.0,0.0,0.0,0.0,0.0,0.11571428571428571,0.0,0.0,0.0,0.0,0.0,0.0,700,8,12,0.052570093457943924,0.0,3424,38,76,1.0263157894736843,78,creative_playmaker,['creative_playmaker'],1
Patson Daka,FWD,23-24,unknown,24,Leicester,Leicester,0.04806629834254143,0.03397790055248619,0.0,0.0,0.2668508287292818,0.0,0.0,0.01408839779005525,0.0,0.0,0.0,0.0,0.0,0.0,1086,15,20,0.12552301255230125,0.0,1434,10,76,0.8947368421052632,68,box_to_box,['box_to_box'],2
Wout Faes,DEF,23-24,unknown,25,Leicester,Leicester,0.0011764705882352942,0.0,0.0,0.0,0.013176470588235295,0.0,0.0,0.02988235294117647,0.0,0.0,0.0,0.0,0.0,0.0,3825,43,43,0.032005689900426744,0.0,5624,60,76,1.4473684210526316,110,creative_playmaker,['creative_playmaker'],1
James Justin,DEF,23-24,unknown,25,Leicester,Leicester,0.002408256880733945,0.002408256880733945,0.0,0.0,0.0213302752293578,0.0,0.0,0.04954128440366972,0.0,0.0,0.0,0.0,0.0,0.0,2616,27,39,0.061813186813186816,0.061813186813186816,5824,64,76,1.8421052631578947,140,creative_playmaker,['creative_playmaker'],1
Stephy Mavididi,FWD,23-24,unknown,25,Leicester,Leicester,0.007527181488709228,0.003763590744354614,0.0,0.0,0.056704767214942844,0.0,0.0,0.012043490381934764,0.0,0.0,0.0,0.0,0.0,0.0,3587,42,46,0.224159402241594,0.0560398505603985,3212,30,76,1.894736842105263,144,creative_playmaker,['creative_playmaker'],1
Kasey McAteer,FWD,23-24,unknown,21,Leicester,Leicester,0.03652849740932642,0.0,0.0,0.0,0.19274611398963729,0.0,0.0,0.030310880829015546,0.0,0.0,0.0,0.0,0.0,0.0,1158,13,23,0.10638297872340426,0.10638297872340426,1692,18,76,0.9210526315789473,70,ball_carrying_threat,['ball_carrying_threat'],4
Wilfred Ndidi,MID,23-24,unknown,26,Leicester,Leicester,0.007193229901269394,0.008885754583921015,0.0,0.0,0.07531734837799718,0.0,0.0,0.044851904090267986,0.0,0.0,0.0,0.0,0.0,0.0,2127,26,32,0.0,0.19354838709677422,4650,54,76,1.6842105263157894,128,defensive_anchor,['defensive_anchor'],3
Ricardo Pereira,DEF,23-24,unknown,29,Leicester,Leicester,0.0021964612568639414,0.0021964612568639414,0.0,0.0,0.020317266625991457,0.0,0.0,0.03706528370957901,0.0,0.0,0.0,0.0,0.0,0.0,3278,37,39,0.0,0.0,764,6,76,0.2631578947368421,20,creative_playmaker,['creative_playmaker'],1
Jamie Vardy,FWD,23-24,unknown,36,Leicester,Leicester,0.04683257918552036,0.005090497737556561,0.0,0.0,0.1506787330316742,0.0,0.0,0.005090497737556561,0.0,0.0,0.0,0.0,0.0,0.0,1768,18,35,0.2867256637168142,0.1592920353982301,5650,62,76,3.3684210526315788,256,ball_carrying_threat,['ball_carrying_threat'],4
Jannik Vestergaard,DEF,23-24,unknown,30,Leicester,Leicester,0.0012103281334050566,0.0,0.0,0.0,0.014766003227541688,0.0,0.0,0.023480365788058094,0.0,0.0,0.0,0.0,0.0,0.0,3718,42,42,0.0,0.0,2780,26,76,0.2894736842105263,22,creative_playmaker,['creative_playmaker'],1
Harry Winks,MID,23-24,unknown,27,Leicester,Leicester,0.0008913097301312205,0.0,0.0,0.0,0.014929437979697945,0.0,0.0,0.017826194602624412,0.0,0.0,0.0,0.0,0.0,0.0,4039,45,45,0.0,0.1171875,3072,32,76,1.0526315789473684,80,creative_playmaker,['creative_playmaker'],1
Mads Hermansen,GK,23-24,unknown,23,Leicester,Leicester,0.0,0.0,0.0,0.0,0.0,0.0,0.0,0.00045454545454545455,0.0,0.0,0.0,0.0,0.0,0.0,3960,44,44,0.0,0.0,4770,52,76,1.6578947368421053,126,creative_playmaker,['creative_playmaker'],1
Nathan Broadhead,MID,23-24,unknown,25,Ipswich,Ipswich,0.02000871839581517,0.004707933740191805,0.0,0.0,0.11534437663469922,0.0,0.0,0.012162162162162163,0.0,0.0,0.0,0.0,0.0,0.0,2294,29,38,0.2608695652173913,0.0,1380,14,76,0.9736842105263158,74,defensive_anchor,['defensive_anchor'],3
Cameron Burgess,DEF,23-24,unknown,27,Ipswich,Ipswich,0.0013154048523823444,0.0007892429114294066,0.0,0.0,0.014469453376205789,0.0,0.0,0.031043554516223322,0.0,0.0,0.0,0.0,0.0,0.0,3421,38,39,0.0,0.11688311688311688,3080,32,76,0.6842105263157895,52,creative_playmaker,['creative_playmaker'],1
Wes Burns,MID,23-24,unknown,28,Ipswich,Ipswich,0.00869382612347753,0.005669886602267954,0.0,0.0,0.0755984880302394,0.0,0.0,0.022679546409071816,0.0,0.0,0.0,0.0,0.0,0.0,2381,31,35,0.0,0.09761388286334058,1844,18,76,0.7894736842105263,60,defensive_anchor,['defensive_anchor'],3
Conor Chaplin,MID,23-24,unknown,26,Ipswich,Ipswich,0.009431137724550898,0.00592814371257485,0.0,0.0,0.10023952095808383,0.0,0.0,0.018053892215568863,0.0,0.0,0.0,0.0,0.0,0.0,3340,42,44,0.10650887573964496,0.21301775147928992,1690,18,76,1.0789473684210527,82,defensive_anchor,['defensive_anchor'],3
Harry Clarke,DEF,23-24,unknown,22,Ipswich,Ipswich,0.0015247776365946632,0.0015247776365946632,0.0,0.0,0.028970775095298603,0.0,0.0,0.03926302414231258,0.0,0.0,0.0,0.0,0.0,0.0,2361,25,35,0.0,0.0,754,8,76,0.02631578947368421,2,creative_playmaker,['creative_playmaker'],1
Leif Davis,DEF,23-24,unknown,23,Ipswich,Ipswich,0.001190161332980693,0.010235387463633958,0.0,0.0,0.017614387728114255,0.0,0.0,0.026659613858767525,0.0,0.0,0.0,0.0,0.0,0.0,3781,43,43,0.03282275711159738,0.06564551422319476,5484,60,76,1.368421052631579,104,defensive_anchor,['defensive_anchor'],3
George Hirst,FWD,23-24,unknown,24,Ipswich,Ipswich,0.018388195232690124,0.01583427922814983,0.0,0.0,0.13024971623155504,0.0,0.0,0.002553916004540295,0.0,0.0,0.0,0.0,0.0,0.0,1762,24,26,0.41860465116279066,0.13953488372093023,1290,10,76,1.2105263157894737,92,defensive_anchor,['defensive_anchor'],3
Omari Hutchinson,MID,23-24,unknown,19,Ipswich,Ipswich,0.016810933940774486,0.006560364464692483,0.0,0.0,0.10906605922551253,0.0,0.0,0.02501138952164009,0.0,0.0,0.0,0.0,0.0,0.0,2195,20,44,0.10444874274661509,0.10444874274661509,5170,58,76,2.3157894736842106,176,defensive_anchor,['defensive_anchor'],3
Sam Morsy,MID,23-24,unknown,31,Ipswich,Ipswich,0.001200320085356095,0.003360896238997066,0.0,0.0,0.019685249399839955,0.0,0.0,0.017764737263270203,0.0,0.0,0.0,0.0,0.0,0.0,3749,42,42,0.032739177882866496,0.032739177882866496,5498,62,76,1.763157894736842,134,creative_playmaker,['creative_playmaker'],1
Jack Taylor,MID,23-24,unknown,25,Ipswich,Ipswich,0.020316027088036117,0.010158013544018058,0.0,0.0,0.18690744920993227,0.0,0.0,0.2072234762979684,0.0,0.0,0.0,0.0,0.0,0.0,886,7,33,0.1075268817204301,0.0,1674,8,76,1.0,76,defensive_anchor,['defensive_anchor'],3
Axel Tuanzebe,DEF,23-24,unknown,25,Ipswich,Ipswich,0.0,0.004578488372093023,0.0,0.0,0.025508720930232556,0.0,0.0,0.10661337209302324,0.0,0.0,0.0,0.0,0.0,0.0,1376,16,18,0.0,0.05263157894736842,3420,38,76,0.7105263157894737,54,creative_playmaker,['creative_playmaker'],1
Luke Woolfenden,DEF,23-24,unknown,24,Ipswich,Ipswich,0.0004983388704318937,0.0004983388704318937,0.0,0.0,0.0037375415282392024,0.0,0.0,0.02990033222591362,0.0,0.0,0.0,0.0,0.0,0.0,3612,40,41,0.0,0.0,2374,24,76,0.47368421052631576,36,creative_playmaker,['creative_playmaker'],1
Joe Aribo,MID,23-24,unknown,27,Southampton,Southampton,0.012328767123287671,0.0033623910336239102,0.0,0.0,0.06612702366127023,0.0,0.0,0.03138231631382316,0.0,0.0,0.0,0.0,0.0,0.0,1606,16,35,0.13452914798206278,0.0,4014,36,76,1.894736842105263,144,defensive_anchor,['defensive_anchor'],3
Adam Armstrong,FWD,23-24,unknown,26,Southampton,Southampton,0.012016021361815753,0.007449933244325767,0.0,0.0,0.08267022696929238,0.0,0.0,0.004085447263017357,0.0,0.0,0.0,0.0,0.0,0.0,3745,44,46,0.14446227929373998,0.21669341894060995,2492,24,76,1.1842105263157894,90,defensive_anchor,['defensive_anchor'],3
Stuart Armstrong,MID,23-24,unknown,31,Southampton,Southampton,0.005090137857900318,0.006998939554612937,0.0,0.0,0.06776246023329797,0.0,0.0,0.011134676564156945,0.0,0.0,0.0,0.0,0.0,0.0,2829,33,42,0.14446227929373998,0.21669341894060995,2492,24,76,1.1842105263157894,90,defensive_anchor,['defensive_anchor'],3
Jan Bednarek,DEF,23-24,unknown,27,Southampton,Southampton,0.0012683201803833145,0.0,0.0,0.0,0.015473506200676437,0.0,0.0,0.03804960541149943,0.0,0.0,0.0,0.0,0.0,0.0,3548,39,42,0.07111813512445674,0.0,5062,56,76,1.5789473684210527,120,creative_playmaker,['creative_playmaker'],1
James Bree,DEF,23-24,unknown,25,Southampton,Southampton,0.0,0.006666666666666667,0.0,0.0,0.0275,0.0,0.0,0.041666666666666664,0.0,0.0,0.0,0.0,0.0,0.0,1080,13,19,0.0,0.08411214953271028,2140,20,76,0.6052631578947368,46,creative_playmaker,['creative_playmaker'],1
Flynn Downes,MID,23-24,unknown,24,Southampton,Southampton,0.002470588235294118,0.002470588235294118,0.0,0.0,0.012352941176470587,0.0,0.0,0.056117647058823536,0.0,0.0,0.0,0.0,0.0,0.0,2550,31,33,0.041879944160074456,0.0,4298,48,76,1.263157894736842,96,creative_playmaker,['creative_playmaker'],1
Ryan Fraser,FWD,23-24,unknown,29,Southampton,Southampton,0.01818738518064911,0.006062461726883037,0.0,0.0,0.13116962645437844,0.0,0.0,0.006062461726883037,0.0,0.0,0.0,0.0,0.0,0.0,1633,13,39,0.0,0.0,606,4,72,0.19444444444444445,14,defensive_anchor,['defensive_anchor'],3
Taylor Harwood-Bellis,DEF,23-24,unknown,21,Southampton,Southampton,0.0012860817376393256,0.002057730780222921,0.0,0.0,0.01774792797942269,0.0,0.0,0.02906544727064875,0.0,0.0,0.0,0.0,0.0,0.0,3499,40,40,0.03186968838526912,0.0,5648,60,76,1.4473684210526316,110,creative_playmaker,['creative_playmaker'],1
Ryan Manning,DEF,23-24,unknown,27,Southampton,Southampton,0.0,0.002295918367346939,0.0,0.0,0.029190962099125365,0.0,0.0,0.024599125364431488,0.0,0.0,0.0,0.0,0.0,0.0,2744,29,37,0.0,0.1234567901234568,2916,30,76,0.8947368421052632,68,creative_playmaker,['creative_playmaker'],1
William Smallbone,MID,23-24,unknown,23,Southampton,Southampton,0.005396402398401066,0.002698201199200533,0.0,0.0,0.05036642238507662,0.0,0.0,0.027881412391738844,0.0,0.0,0.0,0.0,0.0,0.0,3002,35,43,0.1325478645066274,0.0,1358,8,76,0.6842105263157895,52,creative_playmaker,['creative_playmaker'],1
Jack Stephens,DEF,23-24,unknown,29,Southampton,Southampton,0.0,0.0,0.0,0.0,0.03261744966442953,0.0,0.0,0.06885906040268455,0.0,0.0,0.0,0.0,0.0,0.0,1490,17,23,0.06479481641468682,0.0,2778,28,76,0.8157894736842105,62,creative_playmaker,['creative_playmaker'],1
Kamaldeen Sulemana,FWD,23-24,unknown,21,Southampton,Southampton,0.0,0.026526315789473686,0.0,0.0,0.16957894736842105,0.0,0.0,0.044526315789473685,0.0,0.0,0.0,0.0,0.0,0.0,950,10,25,0.06456241032998565,0.1291248206599713,2788,26,76,1.394736842105263,106,set_piece_specialist,['set_piece_specialist'],6
Kyle Walker-Peters,DEF,23-24,unknown,26,Southampton,Southampton,0.0011664074650077762,0.002099533437013997,0.0,0.0,0.020062208398133746,0.0,0.0,0.024027993779160185,0.0,0.0,0.0,0.0,0.0,0.0,3858,43,43,0.0,0.09252912954078135,5836,64,76,1.4210526315789473,108,creative_playmaker,['creative_playmaker'],1
Alex McCarthy,GK,23-24,unknown,33,Southampton,Southampton,0.0,0.0,0.0,0.0,0.0,0.0,0.0,0.04,0.0,0.0,0.0,0.0,0.0,0.0,450,5,5,0.0,0.0,900,10,76,0.3157894736842105,24,creative_playmaker,['creative_playmaker'],1
